,index,disclosure,source,frame,presumption
0,accuracy,0.7785977859778598,0.7527675276752768,0.6457564575645757,0.7638376383763837
1,f1,0.5714285714285714,0.7845659163987139,0.7037037037037038,0.84688995215311
2,recall,0.5405405405405406,0.7439024390243902,0.7916666666666666,0.84688995215311
3,precision,0.6060606060606061,0.8299319727891157,0.6333333333333333,0.84688995215311
4,num_positive,492,1089,959,1391
5,num_negative,1310,713,843,411